scope,count_type,reason,occurrence_rows,events,denominator_events,percent_events,stage_order,events_remaining,scope_overlap,occurrence_basis
all_events,non_exclusive,negative_coordinate_uncertainty,13,7,542287,0.0012908293947669776,NA,NA,non_exclusive; mixed_taxon_events_overlap_scopes,direct_failing_source_rows_in_scope_events
all_events,non_exclusive,zero_coordinate_uncertainty,13,9,542287,0.0016596377932718285,NA,NA,non_exclusive; mixed_taxon_events_overlap_scopes,direct_failing_source_rows_in_scope_events
all_events,non_exclusive,nonpositive_coordinate_uncertainty,26,16,542287,0.002950467188038806,NA,NA,non_exclusive; mixed_taxon_events_overlap_scopes,direct_failing_source_rows_in_scope_events
all_events,non_exclusive,uncertainty_over_1000m,48285,22857,542287,4.214926782312687,NA,NA,non_exclusive; mixed_taxon_events_overlap_scopes,direct_failing_source_rows_in_scope_events
all_events,non_exclusive,nonfinite_or_missing_uncertainty,0,0,542287,0,NA,NA,non_exclusive; mixed_taxon_events_overlap_scopes,direct_failing_source_rows_in_scope_events
all_events,non_exclusive,obscured_geoprivacy,25185,10582,542287,1.9513652364891654,NA,NA,non_exclusive; mixed_taxon_events_overlap_scopes,direct_failing_source_rows_in_scope_events
all_events,non_exclusive,not_open_geoprivacy,25185,10582,542287,1.9513652364891654,NA,NA,non_exclusive; mixed_taxon_events_overlap_scopes,direct_failing_source_rows_in_scope_events
all_events,non_exclusive,generalised_location,25185,10582,542287,1.9513652364891654,NA,NA,non_exclusive; mixed_taxon_events_overlap_scopes,direct_failing_source_rows_in_scope_events
all_events,non_exclusive,missing_generalization_flag,0,0,542287,0,NA,NA,non_exclusive; mixed_taxon_events_overlap_scopes,direct_failing_source_rows_in_scope_events
all_events,non_exclusive,invalid_coordinates,0,0,542287,0,NA,NA,non_exclusive; mixed_taxon_events_overlap_scopes,direct_failing_source_rows_in_scope_events
all_events,non_exclusive,invalid_dates,0,0,542287,0,NA,NA,non_exclusive; mixed_taxon_events_overlap_scopes,direct_failing_source_rows_in_scope_events
all_events,non_exclusive,incomplete_species,0,0,542287,0,NA,NA,non_exclusive; mixed_taxon_events_overlap_scopes,direct_failing_source_rows_in_scope_events
all_events,sequential,raw_events,0,0,542287,0,0,542287,non_exclusive; mixed_taxon_events_overlap_scopes,all_source_rows_of_events_excluded_at_this_stage
all_events,sequential,complete_species,0,0,542287,0,1,542287,non_exclusive; mixed_taxon_events_overlap_scopes,all_source_rows_of_events_excluded_at_this_stage
all_events,sequential,valid_coordinates,0,0,542287,0,2,542287,non_exclusive; mixed_taxon_events_overlap_scopes,all_source_rows_of_events_excluded_at_this_stage
all_events,sequential,positive_uncertainty_at_most_1000m,48311,22873,542287,4.2178772495007255,3,519414,non_exclusive; mixed_taxon_events_overlap_scopes,all_source_rows_of_events_excluded_at_this_stage
all_events,sequential,open_geoprivacy,0,0,542287,0,4,519414,non_exclusive; mixed_taxon_events_overlap_scopes,all_source_rows_of_events_excluded_at_this_stage
all_events,sequential,no_data_generalization,0,0,542287,0,5,519414,non_exclusive; mixed_taxon_events_overlap_scopes,all_source_rows_of_events_excluded_at_this_stage
all_events,sequential,valid_event_date,0,0,542287,0,6,519414,non_exclusive; mixed_taxon_events_overlap_scopes,all_source_rows_of_events_excluded_at_this_stage
confirmed_EPBC_listed,non_exclusive,negative_coordinate_uncertainty,0,0,6749,0,NA,NA,non_exclusive; mixed_taxon_events_overlap_scopes,direct_failing_source_rows_in_scope_events
confirmed_EPBC_listed,non_exclusive,zero_coordinate_uncertainty,0,0,6749,0,NA,NA,non_exclusive; mixed_taxon_events_overlap_scopes,direct_failing_source_rows_in_scope_events
confirmed_EPBC_listed,non_exclusive,nonpositive_coordinate_uncertainty,0,0,6749,0,NA,NA,non_exclusive; mixed_taxon_events_overlap_scopes,direct_failing_source_rows_in_scope_events
confirmed_EPBC_listed,non_exclusive,uncertainty_over_1000m,17892,6749,6749,100,NA,NA,non_exclusive; mixed_taxon_events_overlap_scopes,direct_failing_source_rows_in_scope_events
confirmed_EPBC_listed,non_exclusive,nonfinite_or_missing_uncertainty,0,0,6749,0,NA,NA,non_exclusive; mixed_taxon_events_overlap_scopes,direct_failing_source_rows_in_scope_events
confirmed_EPBC_listed,non_exclusive,obscured_geoprivacy,17892,6749,6749,100,NA,NA,non_exclusive; mixed_taxon_events_overlap_scopes,direct_failing_source_rows_in_scope_events
confirmed_EPBC_listed,non_exclusive,not_open_geoprivacy,17892,6749,6749,100,NA,NA,non_exclusive; mixed_taxon_events_overlap_scopes,direct_failing_source_rows_in_scope_events
confirmed_EPBC_listed,non_exclusive,generalised_location,17892,6749,6749,100,NA,NA,non_exclusive; mixed_taxon_events_overlap_scopes,direct_failing_source_rows_in_scope_events
confirmed_EPBC_listed,non_exclusive,missing_generalization_flag,0,0,6749,0,NA,NA,non_exclusive; mixed_taxon_events_overlap_scopes,direct_failing_source_rows_in_scope_events
confirmed_EPBC_listed,non_exclusive,invalid_coordinates,0,0,6749,0,NA,NA,non_exclusive; mixed_taxon_events_overlap_scopes,direct_failing_source_rows_in_scope_events
confirmed_EPBC_listed,non_exclusive,invalid_dates,0,0,6749,0,NA,NA,non_exclusive; mixed_taxon_events_overlap_scopes,direct_failing_source_rows_in_scope_events
confirmed_EPBC_listed,non_exclusive,incomplete_species,0,0,6749,0,NA,NA,non_exclusive; mixed_taxon_events_overlap_scopes,direct_failing_source_rows_in_scope_events
confirmed_EPBC_listed,sequential,raw_events,0,0,6749,0,0,6749,non_exclusive; mixed_taxon_events_overlap_scopes,all_source_rows_of_events_excluded_at_this_stage
confirmed_EPBC_listed,sequential,complete_species,0,0,6749,0,1,6749,non_exclusive; mixed_taxon_events_overlap_scopes,all_source_rows_of_events_excluded_at_this_stage
confirmed_EPBC_listed,sequential,valid_coordinates,0,0,6749,0,2,6749,non_exclusive; mixed_taxon_events_overlap_scopes,all_source_rows_of_events_excluded_at_this_stage
confirmed_EPBC_listed,sequential,positive_uncertainty_at_most_1000m,17892,6749,6749,100,3,0,non_exclusive; mixed_taxon_events_overlap_scopes,all_source_rows_of_events_excluded_at_this_stage
confirmed_EPBC_listed,sequential,open_geoprivacy,0,0,6749,0,4,0,non_exclusive; mixed_taxon_events_overlap_scopes,all_source_rows_of_events_excluded_at_this_stage
confirmed_EPBC_listed,sequential,no_data_generalization,0,0,6749,0,5,0,non_exclusive; mixed_taxon_events_overlap_scopes,all_source_rows_of_events_excluded_at_this_stage
confirmed_EPBC_listed,sequential,valid_event_date,0,0,6749,0,6,0,non_exclusive; mixed_taxon_events_overlap_scopes,all_source_rows_of_events_excluded_at_this_stage
not_confirmed_listed_or_unresolved,non_exclusive,negative_coordinate_uncertainty,13,7,540647,0.0012947449999722554,NA,NA,non_exclusive; mixed_taxon_events_overlap_scopes,direct_failing_source_rows_in_scope_events
not_confirmed_listed_or_unresolved,non_exclusive,zero_coordinate_uncertainty,13,9,540647,0.0016646721428214713,NA,NA,non_exclusive; mixed_taxon_events_overlap_scopes,direct_failing_source_rows_in_scope_events
not_confirmed_listed_or_unresolved,non_exclusive,nonpositive_coordinate_uncertainty,26,16,540647,0.0029594171427937267,NA,NA,non_exclusive; mixed_taxon_events_overlap_scopes,direct_failing_source_rows_in_scope_events
not_confirmed_listed_or_unresolved,non_exclusive,uncertainty_over_1000m,46632,21217,540647,3.924372094915906,NA,NA,non_exclusive; mixed_taxon_events_overlap_scopes,direct_failing_source_rows_in_scope_events
not_confirmed_listed_or_unresolved,non_exclusive,nonfinite_or_missing_uncertainty,0,0,540647,0,NA,NA,non_exclusive; mixed_taxon_events_overlap_scopes,direct_failing_source_rows_in_scope_events
not_confirmed_listed_or_unresolved,non_exclusive,obscured_geoprivacy,23532,8942,540647,1.653944255678844,NA,NA,non_exclusive; mixed_taxon_events_overlap_scopes,direct_failing_source_rows_in_scope_events
not_confirmed_listed_or_unresolved,non_exclusive,not_open_geoprivacy,23532,8942,540647,1.653944255678844,NA,NA,non_exclusive; mixed_taxon_events_overlap_scopes,direct_failing_source_rows_in_scope_events
not_confirmed_listed_or_unresolved,non_exclusive,generalised_location,23532,8942,540647,1.653944255678844,NA,NA,non_exclusive; mixed_taxon_events_overlap_scopes,direct_failing_source_rows_in_scope_events
not_confirmed_listed_or_unresolved,non_exclusive,missing_generalization_flag,0,0,540647,0,NA,NA,non_exclusive; mixed_taxon_events_overlap_scopes,direct_failing_source_rows_in_scope_events
not_confirmed_listed_or_unresolved,non_exclusive,invalid_coordinates,0,0,540647,0,NA,NA,non_exclusive; mixed_taxon_events_overlap_scopes,direct_failing_source_rows_in_scope_events
not_confirmed_listed_or_unresolved,non_exclusive,invalid_dates,0,0,540647,0,NA,NA,non_exclusive; mixed_taxon_events_overlap_scopes,direct_failing_source_rows_in_scope_events
not_confirmed_listed_or_unresolved,non_exclusive,incomplete_species,0,0,540647,0,NA,NA,non_exclusive; mixed_taxon_events_overlap_scopes,direct_failing_source_rows_in_scope_events
not_confirmed_listed_or_unresolved,sequential,raw_events,0,0,540647,0,0,540647,non_exclusive; mixed_taxon_events_overlap_scopes,all_source_rows_of_events_excluded_at_this_stage
not_confirmed_listed_or_unresolved,sequential,complete_species,0,0,540647,0,1,540647,non_exclusive; mixed_taxon_events_overlap_scopes,all_source_rows_of_events_excluded_at_this_stage
not_confirmed_listed_or_unresolved,sequential,valid_coordinates,0,0,540647,0,2,540647,non_exclusive; mixed_taxon_events_overlap_scopes,all_source_rows_of_events_excluded_at_this_stage
not_confirmed_listed_or_unresolved,sequential,positive_uncertainty_at_most_1000m,46658,21233,540647,3.9273315120587,3,519414,non_exclusive; mixed_taxon_events_overlap_scopes,all_source_rows_of_events_excluded_at_this_stage
not_confirmed_listed_or_unresolved,sequential,open_geoprivacy,0,0,540647,0,4,519414,non_exclusive; mixed_taxon_events_overlap_scopes,all_source_rows_of_events_excluded_at_this_stage
not_confirmed_listed_or_unresolved,sequential,no_data_generalization,0,0,540647,0,5,519414,non_exclusive; mixed_taxon_events_overlap_scopes,all_source_rows_of_events_excluded_at_this_stage
not_confirmed_listed_or_unresolved,sequential,valid_event_date,0,0,540647,0,6,519414,non_exclusive; mixed_taxon_events_overlap_scopes,all_source_rows_of_events_excluded_at_this_stage
