"scientificName","feature","events","q25","median","q75","iqr"
"Crinia signifera","BIO1",86099,13.3874998092651,14.8916664123535,16.9916667938232,3.60416698455811
"Crinia signifera","BIO2",86099,9.30000019073486,10.4166669845581,11.8999996185303,2.59999942779541
"Crinia signifera","BIO3",86099,46.4152679443359,47.5330924987793,49.1408958435059,2.72562789916992
"Crinia signifera","BIO4",86099,379.709564208984,406.017944335938,453.554779052734,73.84521484375
"Crinia signifera","BIO5",86099,25.5,26.6000003814697,27.7999992370605,2.29999923706055
"Crinia signifera","BIO6",86099,2.79999995231628,4.69999980926514,6.40000009536743,3.60000014305115
"Crinia signifera","BIO7",86099,19.6000003814697,21.7000007629395,24.5,4.89999961853027
"Crinia signifera","BIO8",86099,10.8500003814697,15.8999996185303,21.3333339691162,10.4833335876465
"Crinia signifera","BIO9",86099,12.1333332061768,13.6333332061768,18.3999996185303,6.26666641235352
"Crinia signifera","BIO10",86099,18.8833332061768,20,21.75,2.86666679382324
"Crinia signifera","BIO11",86099,7.88333320617676,10,11.8249998092651,3.94166660308838
"Crinia signifera","BIO12",86099,724,870,1138,414
"Crinia signifera","BIO13",86099,80,107,141,61
"Crinia signifera","BIO14",86099,38,45,53,15
"Crinia signifera","BIO15",86099,18.6561126708984,26.8652172088623,32.9492416381836,14.2931289672852
"Crinia signifera","BIO16",86099,227,303,395,168
"Crinia signifera","BIO17",86099,129,154,183,54
"Crinia signifera","BIO18",86099,151,212,342,191
"Crinia signifera","BIO19",86099,164,211,251,87
"Crinia signifera","elevation",86099,50,155,439,389
"Crinia signifera","climatological_tavg_event_month",86099,10.1000003814697,12.5,15.3999996185303,5.29999923706055
"Crinia signifera","climatological_prec_event_month",86099,57,71,89,32
"Limnodynastes peronii","BIO1",43369,16.8083324432373,17.6958332061768,19.2374992370605,2.42916679382324
"Limnodynastes peronii","BIO2",43369,9.11666679382324,9.97500038146973,11.0666666030884,1.94999980926514
"Limnodynastes peronii","BIO3",43369,46.9849243164062,48.3490600585938,50.5458526611328,3.56092834472656
"Limnodynastes peronii","BIO4",43369,369.209564208984,391.03662109375,408.519134521484,39.3095703125
"Limnodynastes peronii","BIO5",43369,26.2000007629395,27.2999992370605,28.8999996185303,2.69999885559082
"Limnodynastes peronii","BIO6",43369,5.80000019073486,7,8.10000038146973,2.30000019073486
"Limnodynastes peronii","BIO7",43369,19.1000003814697,20.7000007629395,21.8999996185303,2.79999923706055
"Limnodynastes peronii","BIO8",43369,21.1499996185303,22.0666675567627,23,1.85000038146973
"Limnodynastes peronii","BIO9",43369,12.8500003814697,13.6166667938232,15.6666669845581,2.81666660308838
"Limnodynastes peronii","BIO10",43369,21.4333324432373,22.3500003814697,23.3833332061768,1.95000076293945
"Limnodynastes peronii","BIO11",43369,11.6000003814697,12.6833333969116,14.2166662216187,2.61666584014893
"Limnodynastes peronii","BIO12",43369,1002,1165,1291,289
"Limnodynastes peronii","BIO13",43369,130,145,170,40
"Limnodynastes peronii","BIO14",43369,39,47,59,20
"Limnodynastes peronii","BIO15",43369,26.7183494567871,29.8835678100586,43.5731010437012,16.8547515869141
"Limnodynastes peronii","BIO16",43369,361,410,463,102
"Limnodynastes peronii","BIO17",43369,143,170,200,57
"Limnodynastes peronii","BIO18",43369,313,359,442,129
"Limnodynastes peronii","BIO19",43369,154,212,249,95
"Limnodynastes peronii","elevation",43369,19,46,116,97
"Limnodynastes peronii","climatological_tavg_event_month",43369,17.7000007629395,20,22.1000003814697,4.39999961853027
"Limnodynastes peronii","climatological_prec_event_month",43369,77,99,131,54
"Litoria fallax","BIO1",17265,17.783332824707,19.5041675567627,20.3291664123535,2.54583358764648
"Litoria fallax","BIO2",17265,8.95833396911621,10.0916662216187,11.125,2.16666603088379
"Litoria fallax","BIO3",17265,47.9166679382324,50.2812957763672,51.7241401672363,3.80747222900391
"Litoria fallax","BIO4",17265,365.245849609375,380.158203125,396.773681640625,31.52783203125
"Litoria fallax","BIO5",17265,27,28.8999996185303,29.7999992370605,2.79999923706055
"Litoria fallax","BIO6",17265,6.80000019073486,7.90000009536743,8.89999961853027,2.09999942779541
"Litoria fallax","BIO7",17265,19,20.2999992370605,21.6999988555908,2.69999885559082
"Litoria fallax","BIO8",17265,22.0499992370605,23.5833320617676,24.5666656494141,2.51666641235352
"Litoria fallax","BIO9",17265,13.466667175293,15.1500005722046,16.0833339691162,2.61666679382324
"Litoria fallax","BIO10",17265,22.3999996185303,23.75,24.6166667938232,2.21666717529297
"Litoria fallax","BIO11",17265,12.6833333969116,14.25,15.2999992370605,2.61666584014893
"Litoria fallax","BIO12",17265,1111,1257,1468,357
"Litoria fallax","BIO13",17265,147,172,217,70
"Litoria fallax","BIO14",17265,34,40,50,16
"Litoria fallax","BIO15",17265,31.4800128936768,43.5623741149902,47.6905555725098,16.210542678833
"Litoria fallax","BIO16",17265,410,474,569,159
"Litoria fallax","BIO17",17265,126,157,190,64
"Litoria fallax","BIO18",17265,366,455,540,174
"Litoria fallax","BIO19",17265,139,192,229,90
"Litoria fallax","elevation",17265,16,38,78,62
"Litoria fallax","climatological_tavg_event_month",17265,17.6000003814697,20.2000007629395,22.5,4.89999961853027
"Litoria fallax","climatological_prec_event_month",17265,67,96,121,54
"Litoria peronii","BIO1",14482,16.8250007629395,17.408332824707,17.7583332061768,0.933332443237305
"Litoria peronii","BIO2",14482,8.99166679382324,9.78333282470703,11.3000001907349,2.30833339691162
"Litoria peronii","BIO3",14482,46.6841163635254,47.6057395935059,49.1666679382324,2.48255157470703
"Litoria peronii","BIO4",14482,376.503814697266,399.049041748047,424.992660522461,48.4888458251953
"Litoria peronii","BIO5",14482,26.1000003814697,26.8999996185303,28.2000007629395,2.10000038146973
"Litoria peronii","BIO6",14482,5.30000019073486,6.5,7.30000019073486,2
"Litoria peronii","BIO7",14482,19.1000003814697,20.3999996185303,22.7000007629395,3.60000038146973
"Litoria peronii","BIO8",14482,21.2000007629395,21.7666664123535,22.2666664123535,1.06666564941406
"Litoria peronii","BIO9",14482,12.7666664123535,13.1999998092651,13.6666669845581,0.90000057220459
"Litoria peronii","BIO10",14482,21.5166664123535,22.0666656494141,22.5833339691162,1.0666675567627
"Litoria peronii","BIO11",14482,11.5333337783813,12.1833333969116,12.6833333969116,1.14999961853027
"Litoria peronii","BIO12",14482,933,1133,1254,321
"Litoria peronii","BIO13",14482,114,137,150,36
"Litoria peronii","BIO14",14482,43,54,62,19
"Litoria peronii","BIO15",14482,26.0695862770081,28.517406463623,29.8641815185547,3.79459524154663
"Litoria peronii","BIO16",14482,328,385,431,103
"Litoria peronii","BIO17",14482,149,186,207,58
"Litoria peronii","BIO18",14482,290,330,374,84
"Litoria peronii","BIO19",14482,175,230,254,79
"Litoria peronii","elevation",14482,28,63,144,116
"Litoria peronii","climatological_tavg_event_month",14482,17.1000003814697,18.6000003814697,20.2000007629395,3.10000038146973
"Litoria peronii","climatological_prec_event_month",14482,69,84,97,28
"Limnodynastes tasmaniensis","BIO1",12635,13.4937500953674,15.3041667938232,16.7999992370605,3.30624914169312
"Limnodynastes tasmaniensis","BIO2",12635,10.9708337783813,12.6833333969116,13.3000001907349,2.32916641235352
"Limnodynastes tasmaniensis","BIO3",12635,46.3317413330078,47.5294990539551,48.7010860443115,2.36934471130371
"Limnodynastes tasmaniensis","BIO4",12635,412.0615234375,514.9375,548.362396240234,136.300872802734
"Limnodynastes tasmaniensis","BIO5",12635,27,28.5,31,4
"Limnodynastes tasmaniensis","BIO6",12635,1.89999997615814,3.20000004768372,5.30000019073486,3.40000021457672
"Limnodynastes tasmaniensis","BIO7",12635,22.5999984741211,26.7999992370605,28,5.40000152587891
"Limnodynastes tasmaniensis","BIO8",12635,10.7333335876465,12.6999998092651,19.25,8.51666641235352
"Limnodynastes tasmaniensis","BIO9",12635,11,17.783332824707,20.033332824707,9.03333282470703
"Limnodynastes tasmaniensis","BIO10",12635,19.5833339691162,21.3500003814697,23.0166664123535,3.4333324432373
"Limnodynastes tasmaniensis","BIO11",12635,7.56666660308838,9.25,10.8499994277954,3.28333282470703
"Limnodynastes tasmaniensis","BIO12",12635,563,694,776,213
"Limnodynastes tasmaniensis","BIO13",12635,66,76,93,27
"Limnodynastes tasmaniensis","BIO14",12635,29,37,45,16
"Limnodynastes tasmaniensis","BIO15",12635,15.9412317276001,19.7401752471924,33.0489730834961,17.107741355896
"Limnodynastes tasmaniensis","BIO16",12635,182,214,247,65
"Limnodynastes tasmaniensis","BIO17",12635,98,129,151,53
"Limnodynastes tasmaniensis","BIO18",12635,110,165,208,98
"Limnodynastes tasmaniensis","BIO19",12635,134,161,196,62
"Limnodynastes tasmaniensis","elevation",12635,89,201,558,469
"Limnodynastes tasmaniensis","climatological_tavg_event_month",12635,14.3000001907349,17.7000007629395,20.2999992370605,5.99999904632568
"Limnodynastes tasmaniensis","climatological_prec_event_month",12635,44,56,72,28
"Litoria caerulea","BIO1",12090,18.921875,20.3666667938232,24.033332824707,5.11145782470703
"Litoria caerulea","BIO2",12090,9.09999942779541,10.2916669845581,11.6333332061768,2.53333377838135
"Litoria caerulea","BIO3",12090,49.5614013671875,51.304967880249,54.0021934509277,4.44079208374023
"Litoria caerulea","BIO4",12090,311.597778320312,370.916931152344,401.883819580078,90.2860412597656
"Litoria caerulea","BIO5",12090,28.8999996185303,30.1000003814697,31.7999992370605,2.89999961853027
"Litoria caerulea","BIO6",12090,7,8.89999961853027,14,7
"Litoria caerulea","BIO7",12090,17.7999992370605,20.1000003814697,22.5,4.70000076293945
"Litoria caerulea","BIO8",12090,22.9333324432373,24.7000007629395,26.9333343505859,4.00000190734863
"Litoria caerulea","BIO9",12090,14.5375001430511,16.1000003814697,20.466667175293,5.92916703224182
"Litoria caerulea","BIO10",12090,23.3666667938232,24.783332824707,27.0666656494141,3.69999885559082
"Litoria caerulea","BIO11",12090,13.783332824707,15.2666664123535,19.9166674613953,6.13333463668823
"Litoria caerulea","BIO12",12090,1013,1287,1683,670
"Litoria caerulea","BIO13",12090,150,196,297.75,147.75
"Litoria caerulea","BIO14",12090,21,34,41,20
"Litoria caerulea","BIO15",12090,40.1677284240723,47.5088081359863,91.8981227874756,51.7303943634033
"Litoria caerulea","BIO16",12090,416,512,755.75,339.75
"Litoria caerulea","BIO17",12090,81,125,163,82
"Litoria caerulea","BIO18",12090,378,471,531,153
"Litoria caerulea","BIO19",12090,88,134,204,116
"Litoria caerulea","elevation",12090,14,27,64,50
"Litoria caerulea","climatological_tavg_event_month",12090,21.8999996185303,23.7999992370605,26.7000007629395,4.80000114440918
"Litoria caerulea","climatological_prec_event_month",12090,92,124,169,77
"Litoria ewingii","BIO1",9242,12.3625001907349,13.8583335876465,14.4708337783813,2.10833358764648
"Litoria ewingii","BIO2",9242,9.11875009536743,9.72500038146973,10.25,1.13124990463257
"Litoria ewingii","BIO3",9242,45.6951026916504,46.6743125915527,48.9112205505371,3.21611785888672
"Litoria ewingii","BIO4",9242,349.619659423828,387.133514404297,401.123733520508,51.5040740966797
"Litoria ewingii","BIO5",9242,24.2000007629395,25.6000003814697,26.6000003814697,2.39999961853027
"Litoria ewingii","BIO6",9242,3.40000009536743,5,5.59999990463257,2.19999980926514
"Litoria ewingii","BIO7",9242,19.2999992370605,21,21.8000011444092,2.50000190734863
"Litoria ewingii","BIO8",9242,9.38333320617676,11.3166666030884,12.1000003814697,2.71666717529297
"Litoria ewingii","BIO9",9242,16.9708337783813,18.0833339691162,19.25,2.27916622161865
"Litoria ewingii","BIO10",9242,17.2333335876465,18.4166669845581,19.3166675567627,2.08333396911621
"Litoria ewingii","BIO11",9242,7.80000019073486,9.33333301544189,9.80000019073486,2
"Litoria ewingii","BIO12",9242,729,812,940,211
"Litoria ewingii","BIO13",9242,78,85,99,21
"Litoria ewingii","BIO14",9242,39,46,50,11
"Litoria ewingii","BIO15",9242,16.1785778999329,18.4379167556763,22.6294708251953,6.45089292526245
"Litoria ewingii","BIO16",9242,224,247,284,60
"Litoria ewingii","BIO17",9242,133,157,171,38
"Litoria ewingii","BIO18",9242,137,161,173,36
"Litoria ewingii","BIO19",9242,201.25,228,269,67.75
"Litoria ewingii","elevation",9242,66,118,246,180
"Litoria ewingii","climatological_tavg_event_month",9242,9.5,11.3999996185303,13.8999996185303,4.39999961853027
"Litoria ewingii","climatological_prec_event_month",9242,61,74,87,26
"Limnodynastes dumerilii","BIO1",7671,13.2875003814697,14.3916664123535,15.1333332061768,1.84583282470703
"Limnodynastes dumerilii","BIO2",7671,9.74166679382324,10.6166667938232,12.0166664123535,2.27499961853027
"Limnodynastes dumerilii","BIO3",7671,46.2962951660156,47.4934921264648,48.4775657653809,2.18127059936523
"Limnodynastes dumerilii","BIO4",7671,387.122253417969,411.344787597656,478.889953613281,91.7677001953125
"Limnodynastes dumerilii","BIO5",7671,25.5,26.7999992370605,28.7000007629395,3.20000076293945
"Limnodynastes dumerilii","BIO6",7671,2.90000009536743,4.40000009536743,5.69999980926514,2.79999971389771
"Limnodynastes dumerilii","BIO7",7671,21,22.1000003814697,25.2999992370605,4.29999923706055
"Limnodynastes dumerilii","BIO8",7671,9.59999942779541,11.6166667938232,13.9750003814697,4.37500095367432
"Limnodynastes dumerilii","BIO9",7671,17.0416660308838,18.6166667938232,19.8666667938232,2.82500076293945
"Limnodynastes dumerilii","BIO10",7671,18.3833332061768,19.5499992370605,20.7333335876465,2.35000038146973
"Limnodynastes dumerilii","BIO11",7671,7.93333339691162,9.18333339691162,10.1333332061768,2.19999980926514
"Limnodynastes dumerilii","BIO12",7671,575,697,821,246
"Limnodynastes dumerilii","BIO13",7671,68,77,92,24
"Limnodynastes dumerilii","BIO14",7671,27,38,46,19
"Limnodynastes dumerilii","BIO15",7671,16.8923225402832,21.7918643951416,31.7053394317627,14.8130168914795
"Limnodynastes dumerilii","BIO16",7671,192,220,262,70
"Limnodynastes dumerilii","BIO17",7671,98,128,155,57
"Limnodynastes dumerilii","BIO18",7671,102,133,168,66
"Limnodynastes dumerilii","BIO19",7671,155,199,233,78
"Limnodynastes dumerilii","elevation",7671,52,140,402,350
"Limnodynastes dumerilii","climatological_tavg_event_month",7671,13.3000001907349,15.6000003814697,17.8999996185303,4.59999942779541
"Limnodynastes dumerilii","climatological_prec_event_month",7671,46,59,72,26
"Crinia glauerti","BIO1",7147,18.4333324432373,18.8999996185303,18.8999996185303,0.466667175292969
"Crinia glauerti","BIO2",7147,10.8833332061768,10.8833332061768,11.3249998092651,0.441666603088379
"Crinia glauerti","BIO3",7147,49.245849609375,49.245849609375,50.1106224060059,0.864772796630859
"Crinia glauerti","BIO4",7147,419.545196533203,419.545196533203,426.062591552734,6.51739501953125
"Crinia glauerti","BIO5",7147,31.2999992370605,31.5,31.6000003814697,0.30000114440918
"Crinia glauerti","BIO6",7147,8.60000038146973,9.30000019073486,9.39999961853027,0.799999237060547
"Crinia glauerti","BIO7",7147,22.1000003814697,22.1000003814697,22.5999984741211,0.499998092651367
"Crinia glauerti","BIO8",7147,13.6499996185303,14.0333337783813,14.0833330154419,0.433333396911621
"Crinia glauerti","BIO9",7147,23.7333335876465,24,24,0.266666412353516
"Crinia glauerti","BIO10",7147,24.0166664123535,24.283332824707,24.283332824707,0.266666412353516
"Crinia glauerti","BIO11",7147,13.466667175293,14.0333337783813,14.0833330154419,0.616665840148926
"Crinia glauerti","BIO12",7147,747,747,802,55
"Crinia glauerti","BIO13",7147,154,155,163,9
"Crinia glauerti","BIO14",7147,7,7,9,2
"Crinia glauerti","BIO15",7147,84.1414184570312,85.2775115966797,85.6123886108398,1.47097015380859
"Crinia glauerti","BIO16",7147,416,418,437,21
"Crinia glauerti","BIO17",7147,37,38,39,2
"Crinia glauerti","BIO18",7147,46,46,47,1
"Crinia glauerti","BIO19",7147,416,418,434,18
"Crinia glauerti","elevation",7147,11,11,27,16
"Crinia glauerti","climatological_tavg_event_month",7147,14.5,17,20.2000007629395,5.70000076293945
"Crinia glauerti","climatological_prec_event_month",7147,25,44,96,71
"Adelotus brevis","BIO1",5487,18.5083332061768,19.5625,20.2291660308838,1.72083282470703
"Adelotus brevis","BIO2",5487,9.39166641235352,10.4416666030884,10.8916664123535,1.5
"Adelotus brevis","BIO3",5487,48.1937599182129,50.6259765625,51.3480377197266,3.15427780151367
"Adelotus brevis","BIO4",5487,370.607635498047,381.640197753906,395.772155761719,25.1645202636719
"Adelotus brevis","BIO5",5487,27.2000007629395,28.8999996185303,29.7000007629395,2.5
"Adelotus brevis","BIO6",5487,7.5,8.30000019073486,8.69999980926514,1.19999980926514
"Adelotus brevis","BIO7",5487,19.5,20.5999984741211,21.3999996185303,1.89999961853027
"Adelotus brevis","BIO8",5487,22.4333343505859,23.6666679382324,24.5166664123535,2.08333206176758
"Adelotus brevis","BIO9",5487,14.3666667938232,15.3500003814697,15.8833332061768,1.51666641235352
"Adelotus brevis","BIO10",5487,22.75,23.7666664123535,24.5833339691162,1.83333396911621
"Adelotus brevis","BIO11",5487,13.5166664123535,14.5500001907349,15.0833330154419,1.56666660308838
"Adelotus brevis","BIO12",5487,1232,1375,1598,366
"Adelotus brevis","BIO13",5487,168,207,239,71
"Adelotus brevis","BIO14",5487,35,41,48,13
"Adelotus brevis","BIO15",5487,44.0146865844727,46.114070892334,48.3961372375488,4.38145065307617
"Adelotus brevis","BIO16",5487,468,535,633,165
"Adelotus brevis","BIO17",5487,132,164,187,55
"Adelotus brevis","BIO18",5487,465,513,592,127
"Adelotus brevis","BIO19",5487,150,200,225,75
"Adelotus brevis","elevation",5487,36,63,120,84
"Adelotus brevis","climatological_tavg_event_month",5487,17.7999992370605,20.6000003814697,22.8999996185303,5.10000038146973
"Adelotus brevis","climatological_prec_event_month",5487,65,107,149,84
"Litoria pyrina","BIO1",4502,20.095832824707,20.8937501907349,23.7604165077209,3.66458368301392
"Litoria pyrina","BIO2",4502,8.81666660308838,10.3083333969116,11.2583332061768,2.44166660308838
"Litoria pyrina","BIO3",4502,50.0496025085449,51.0852661132812,52.8070106506348,2.75740814208984
"Litoria pyrina","BIO4",4502,318.812591552734,370.328216552734,385.870483398438,67.0578918457031
"Litoria pyrina","BIO5",4502,29.5,30.5,31.3999996185303,1.89999961853027
"Litoria pyrina","BIO6",4502,8.10000038146973,9.69999980926514,13.4749999046326,5.37499952316284
"Litoria pyrina","BIO7",4502,17.7000007629395,20.2999992370605,21.7999992370605,4.09999847412109
"Litoria pyrina","BIO8",4502,24.3500003814697,25.1333332061768,26.75,2.39999961853027
"Litoria pyrina","BIO9",4502,15.75,17.0833339691162,20.3333339691162,4.58333396911621
"Litoria pyrina","BIO10",4502,24.4833335876465,25.2333335876465,26.9499988555908,2.46666526794434
"Litoria pyrina","BIO11",4502,14.9666662216187,16.0666675567627,19.4833335876465,4.51666736602783
"Litoria pyrina","BIO12",4502,1095,1264,1562,467
"Litoria pyrina","BIO13",4502,175.25,231,318,142.75
"Litoria pyrina","BIO14",4502,19,31,39,20
"Litoria pyrina","BIO15",4502,46.4107913970947,51.3007755279541,93.7735137939453,47.3627223968506
"Litoria pyrina","BIO16",4502,467,611,787,320
"Litoria pyrina","BIO17",4502,76,114,151,75
"Litoria pyrina","BIO18",4502,451,569,702,251
"Litoria pyrina","BIO19",4502,86,124,178,92
"Litoria pyrina","elevation",4502,19,53,98.75,79.75
"Litoria pyrina","climatological_tavg_event_month",4502,22.5,24.3999996185303,26,3.5
"Litoria pyrina","climatological_prec_event_month",4502,85,120,177,92
"Litoria quiritatus","BIO1",4326,16.7583332061768,17.3166675567627,17.6041660308838,0.845832824707031
"Litoria quiritatus","BIO2",4326,8.74166679382324,9.64999961853027,11.7041664123535,2.96249961853027
"Litoria quiritatus","BIO3",4326,46.8859634399414,48.7052459716797,50.496452331543,3.61048889160156
"Litoria quiritatus","BIO4",4326,361.162628173828,389.812255859375,431.020629882812,69.8580017089844
"Litoria quiritatus","BIO5",4326,25.3999996185303,26.1000003814697,28,2.60000038146973
"Litoria quiritatus","BIO6",4326,4.5,6.59999990463257,7.40000009536743,2.90000009536743
"Litoria quiritatus","BIO7",4326,18.5,19.5,23.5,5
"Litoria quiritatus","BIO8",4326,20.3666667938232,21.4833335876465,22.2999992370605,1.9333324432373
"Litoria quiritatus","BIO9",4326,12.5999994277954,12.9333333969116,13.3999996185303,0.800000190734863
"Litoria quiritatus","BIO10",4326,21.0499992370605,21.7333335876465,22.5166664123535,1.46666717529297
"Litoria quiritatus","BIO11",4326,11.6499996185303,12.1666669845581,12.6666660308838,1.01666641235352
"Litoria quiritatus","BIO12",4326,904.25,1153,1249,344.75
"Litoria quiritatus","BIO13",4326,112,136,156,44
"Litoria quiritatus","BIO14",4326,40,50,59,19
"Litoria quiritatus","BIO15",4326,28.1162695884705,29.4050941467285,31.8628463745117,3.74657678604126
"Litoria quiritatus","BIO16",4326,319,374,434,115
"Litoria quiritatus","BIO17",4326,143,190,206,63
"Litoria quiritatus","BIO18",4326,291,334,366,75
"Litoria quiritatus","BIO19",4326,157,228,251,94
"Litoria quiritatus","elevation",4326,19,29,60,41
"Litoria quiritatus","climatological_tavg_event_month",4326,17.8999996185303,19.7999992370605,21.7999992370605,3.89999961853027
"Litoria quiritatus","climatological_prec_event_month",4326,80,95,109,29
"Litoria gracilenta","BIO1",4256,19.6708335876465,20.2333335876465,20.7124996185303,1.04166603088379
"Litoria gracilenta","BIO2",4256,9.12291669845581,10.25,10.9500007629395,1.82708406448364
"Litoria gracilenta","BIO3",4256,49.7954988479614,51.1345863342285,52.3301734924316,2.53467464447021
"Litoria gracilenta","BIO4",4256,348.984436035156,372.077270507812,388.301239013672,39.3168029785156
"Litoria gracilenta","BIO5",4256,28.7000007629395,29.3999996185303,30.1000003814697,1.39999961853027
"Litoria gracilenta","BIO6",4256,8,8.80000019073486,10.3000001907349,2.30000019073486
"Litoria gracilenta","BIO7",4256,18.3000011444092,20.2000007629395,21.2999992370605,2.99999809265137
"Litoria gracilenta","BIO8",4256,23.6833324432373,24.3999996185303,24.8333339691162,1.15000152587891
"Litoria gracilenta","BIO9",4256,15.3291664123535,15.9333333969116,17.3874998092651,2.05833339691162
"Litoria gracilenta","BIO10",4256,23.8500003814697,24.5,24.8999996185303,1.04999923706055
"Litoria gracilenta","BIO11",4256,14.5166664123535,15.1333332061768,16,1.48333358764648
"Litoria gracilenta","BIO12",4256,1231.75,1404,1639,407.25
"Litoria gracilenta","BIO13",4256,177,205,252,75
"Litoria gracilenta","BIO14",4256,33,38,45,12
"Litoria gracilenta","BIO15",4256,43.4426383972168,46.8579406738281,50.8779792785645,7.43534088134766
"Litoria gracilenta","BIO16",4256,482,535,661,179
"Litoria gracilenta","BIO17",4256,121,147,182,61
"Litoria gracilenta","BIO18",4256,472,521,619,147
"Litoria gracilenta","BIO19",4256,134,175,223,89
"Litoria gracilenta","elevation",4256,15,39,81,66
"Litoria gracilenta","climatological_tavg_event_month",4256,22.3999996185303,23.8999996185303,24.7999992370605,2.39999961853027
"Litoria gracilenta","climatological_prec_event_month",4256,119,157,200,81
"Crinia parinsignifera","BIO1",3916,14.7541666030884,15.6208333969116,18.8250007629395,4.07083415985107
"Crinia parinsignifera","BIO2",3916,11.3916664123535,12.6083335876465,13.2083330154419,1.81666660308838
"Crinia parinsignifera","BIO3",3916,46.1213531494141,47.7075614929199,49.4584846496582,3.33713150024414
"Crinia parinsignifera","BIO4",3916,409.697540283203,515.578521728516,566.84716796875,157.149627685547
"Crinia parinsignifera","BIO5",3916,28.1000003814697,29.7999992370605,31.2000007629395,3.10000038146973
"Crinia parinsignifera","BIO6",3916,2.59999990463257,3.09999990463257,6.59999990463257,4
"Crinia parinsignifera","BIO7",3916,23,26.7000007629395,28.2000007629395,5.20000076293945
"Crinia parinsignifera","BIO8",3916,9.48333358764648,14.4000000953674,23.4833335876465,14
"Crinia parinsignifera","BIO9",3916,12.5666666030884,15.9333333969116,19.783332824707,7.21666622161865
"Crinia parinsignifera","BIO10",3916,20.6833343505859,22.4833335876465,23.966667175293,3.28333282470703
"Crinia parinsignifera","BIO11",3916,8.31666660308838,8.85000038146973,12.6875,4.37083339691162
"Crinia parinsignifera","BIO12",3916,625.75,729,984.5,358.75
"Crinia parinsignifera","BIO13",3916,70,84,138,68
"Crinia parinsignifera","BIO14",3916,31,37,40,9
"Crinia parinsignifera","BIO15",3916,19.0301084518433,25.963828086853,43.0170249938965,23.9869165420532
"Crinia parinsignifera","BIO16",3916,192,237,390.5,198.5
"Crinia parinsignifera","BIO17",3916,112,128,141.25,29.25
"Crinia parinsignifera","BIO18",3916,133,179,386.25,253.25
"Crinia parinsignifera","BIO19",3916,123,160,203,80
"Crinia parinsignifera","elevation",3916,122,213.5,431,309
"Crinia parinsignifera","climatological_tavg_event_month",3916,10,13.8000001907349,17.3999996185303,7.39999961853027
"Crinia parinsignifera","climatological_prec_event_month",3916,44,59,78,34
"Litoria moorei","BIO1",3557,18.3208332061768,18.6208324432373,18.779167175293,0.458333969116211
"Litoria moorei","BIO2",3557,10.3083333969116,11.3499994277954,11.7416667938232,1.43333339691162
"Litoria moorei","BIO3",3557,48.6904754638672,49.624626159668,50.1780624389648,1.48758697509766
"Litoria moorei","BIO4",3557,407.838684082031,427.264709472656,437.334167480469,29.4954833984375
"Litoria moorei","BIO5",3557,30.6000003814697,31.5,32,1.39999961853027
"Litoria moorei","BIO6",3557,8.60000038146973,8.89999961853027,9.5,0.899999618530273
"Litoria moorei","BIO7",3557,21.2000007629395,22.6999988555908,23.3999996185303,2.19999885559082
"Litoria moorei","BIO8",3557,13.5833330154419,13.7333335876465,14.0666666030884,0.483333587646484
"Litoria moorei","BIO9",3557,23.2999992370605,23.8666667938232,23.966667175293,0.666667938232422
"Litoria moorei","BIO10",3557,23.6666679382324,24.1833343505859,24.283332824707,0.616664886474609
"Litoria moorei","BIO11",3557,13.5333337783813,13.6833333969116,14.0166664123535,0.483332633972168
"Litoria moorei","BIO12",3557,740,778,818,78
"Litoria moorei","BIO13",3557,154,162,167,13
"Litoria moorei","BIO14",3557,8,8,9,1
"Litoria moorei","BIO15",3557,84.1060791015625,84.6824798583984,85.6123886108398,1.50630950927734
"Litoria moorei","BIO16",3557,414,432,452,38
"Litoria moorei","BIO17",3557,38,39,40,2
"Litoria moorei","BIO18",3557,46,48,48,2
"Litoria moorei","BIO19",3557,413,431,452,39
"Litoria moorei","elevation",3557,17,23,41,24
"Litoria moorei","climatological_tavg_event_month",3557,17,19.6000003814697,22.3999996185303,5.39999961853027
"Litoria moorei","climatological_prec_event_month",3557,12,25,42,30
"Litoria verreauxii","BIO1",2324,12.716667175293,14.6416664123535,16.6145834922791,3.89791631698608
"Litoria verreauxii","BIO2",2324,9.30833339691162,10.4499998092651,11.9416666030884,2.63333320617676
"Litoria verreauxii","BIO3",2324,46.3570365905762,47.4969787597656,49.069149017334,2.71211242675781
"Litoria verreauxii","BIO4",2324,380.552581787109,409.486694335938,468.144897460938,87.5923156738281
"Litoria verreauxii","BIO5",2324,24.6000003814697,25.7999992370605,26.7999992370605,2.19999885559082
"Litoria verreauxii","BIO6",2324,0.899999976158142,3.90000009536743,6.40000009536743,5.50000011920929
"Litoria verreauxii","BIO7",2324,19.6999988555908,21.6000003814697,24.2999992370605,4.60000038146973
"Litoria verreauxii","BIO8",2324,16.3166675567627,18.7250003814697,21.091667175293,4.77499961853027
"Litoria verreauxii","BIO9",2324,8.66666698455811,11.6000003814697,13.1499996185303,4.48333263397217
"Litoria verreauxii","BIO10",2324,18.2999992370605,19.6416664123535,21.3375005722046,3.03750133514404
"Litoria verreauxii","BIO11",2324,6.66249990463257,9.60000038146973,11.6500005722046,4.98750066757202
"Litoria verreauxii","BIO12",2324,839,978,1243.5,404.5
"Litoria verreauxii","BIO13",2324,98,121,150,52
"Litoria verreauxii","BIO14",2324,41,47,57,16
"Litoria verreauxii","BIO15",2324,19.3777599334717,28.1614170074463,32.7786750793457,13.400915145874
"Litoria verreauxii","BIO16",2324,259,339,440,181
"Litoria verreauxii","BIO17",2324,143,163.5,196,53
"Litoria verreauxii","BIO18",2324,211,303,383,172
"Litoria verreauxii","BIO19",2324,158,191,238,80
"Litoria verreauxii","elevation",2324,76.75,348,828.25,751.5
"Litoria verreauxii","climatological_tavg_event_month",2324,10.5,13.3999996185303,16.1000003814697,5.60000038146973
"Litoria verreauxii","climatological_prec_event_month",2324,57,73,96,39
"Crinia georgiana","BIO1",2136,17.685417175293,18.8500003814697,18.8999996185303,1.2145824432373
"Crinia georgiana","BIO2",2136,10.8166666030884,10.8833332061768,11.1000003814697,0.283333778381348
"Crinia georgiana","BIO3",2136,49.1902809143066,49.3273544311523,50.1758079528809,0.985527038574219
"Crinia georgiana","BIO4",2136,419.545196533203,419.680633544922,423.266510009766,3.7213134765625
"Crinia georgiana","BIO5",2136,31.2000007629395,31.5,31.5,0.299999237060547
"Crinia georgiana","BIO6",2136,8.30000019073486,9.39999961853027,9.39999961853027,1.09999942779541
"Crinia georgiana","BIO7",2136,22,22.1000003814697,22.5,0.5
"Crinia georgiana","BIO8",2136,12.9166660308838,14.033332824707,14.0666666030884,1.15000057220459
"Crinia georgiana","BIO9",2136,23.1666660308838,24,24.033332824707,0.866666793823242
"Crinia georgiana","BIO10",2136,23.4500007629395,24.283332824707,24.283332824707,0.833332061767578
"Crinia georgiana","BIO11",2136,12.8833332061768,14.033332824707,14.0666666030884,1.18333339691162
"Crinia georgiana","BIO12",2136,747,747,773.25,26.25
"Crinia georgiana","BIO13",2136,154,155,157,3
"Crinia georgiana","BIO14",2136,7,8,10,3
"Crinia georgiana","BIO15",2136,82.9158554077148,85.0032043457031,85.5728073120117,2.65695190429688
"Crinia georgiana","BIO16",2136,417,418,423,6
"Crinia georgiana","BIO17",2136,37,38,42,5
"Crinia georgiana","BIO18",2136,46,47,50,4
"Crinia georgiana","BIO19",2136,417,418,423,6
"Crinia georgiana","elevation",2136,11,21,50,39
"Crinia georgiana","climatological_tavg_event_month",2136,13.1999998092651,13.6999998092651,14.6000003814697,1.40000057220459
"Crinia georgiana","climatological_prec_event_month",2136,113,147,155,42
"Litoria infrafrenata","BIO1",2096,24.1697916984558,24.5708332061768,24.845832824707,0.676041126251221
"Litoria infrafrenata","BIO2",2096,7.54999971389771,8.0583324432373,8.24166679382324,0.691667079925537
"Litoria infrafrenata","BIO3",2096,53.1914863586426,54.6420555114746,55.3885498046875,2.19706344604492
"Litoria infrafrenata","BIO4",2096,233.842651367188,240.181030273438,248.270919799805,14.4282684326172
"Litoria infrafrenata","BIO5",2096,30.7999992370605,31.2000007629395,31.6000003814697,0.80000114440918
"Litoria infrafrenata","BIO6",2096,16,16.6000003814697,17,1
"Litoria infrafrenata","BIO7",2096,14.2000007629395,14.7999992370605,15,0.799999237060547
"Litoria infrafrenata","BIO8",2096,26.6666660308838,26.8333339691162,27.1833343505859,0.516668319702148
"Litoria infrafrenata","BIO9",2096,21.1666660308838,21.7000007629395,22.1666660308838,1
"Litoria infrafrenata","BIO10",2096,26.9333343505859,27.1416664123535,27.3999996185303,0.466665267944336
"Litoria infrafrenata","BIO11",2096,20.5499992370605,21.3666667938232,21.533332824707,0.983333587646484
"Litoria infrafrenata","BIO12",2096,1647,2265,2432.25,785.25
"Litoria infrafrenata","BIO13",2096,366,517,571,205
"Litoria infrafrenata","BIO14",2096,15.75,23,26,10.25
"Litoria infrafrenata","BIO15",2096,90.4693603515625,93.8046951293945,99.8068065643311,9.33744621276855
"Litoria infrafrenata","BIO16",2096,1014,1322,1433,419
"Litoria infrafrenata","BIO17",2096,62,94,113,51
"Litoria infrafrenata","BIO18",2096,857,1056,1170,313
"Litoria infrafrenata","BIO19",2096,88,101,122,34
"Litoria infrafrenata","elevation",2096,9,13,37,28
"Litoria infrafrenata","climatological_tavg_event_month",2096,26.2000007629395,26.7999992370605,27.2000007629395,1
"Litoria infrafrenata","climatological_prec_event_month",2096,137,237.5,355,218
