scientificName,clean_single_species_events,selected,epbc_listed,epbc_category,epbc_match_status,epbc_source_scientific_name,epbc_source_current_name
Crinia signifera,87536,TRUE,NA,NA,unmatched_to_official_threatened_list,NA,NA
Limnodynastes peronii,45042,TRUE,NA,NA,unmatched_to_official_threatened_list,NA,NA
Litoria fallax,17485,TRUE,NA,NA,unmatched_to_official_threatened_list,NA,NA
Litoria peronii,14867,TRUE,NA,NA,unmatched_to_official_threatened_list,NA,NA
Limnodynastes tasmaniensis,12669,TRUE,NA,NA,unmatched_to_official_threatened_list,NA,NA
Litoria caerulea,12397,TRUE,NA,NA,unmatched_to_official_threatened_list,NA,NA
Litoria ewingii,9345,TRUE,NA,NA,unmatched_to_official_threatened_list,NA,NA
Limnodynastes dumerilii,7720,TRUE,NA,NA,unmatched_to_official_threatened_list,NA,NA
Crinia glauerti,7179,TRUE,NA,NA,unmatched_to_official_threatened_list,NA,NA
Adelotus brevis,5489,TRUE,NA,NA,unmatched_to_official_threatened_list,NA,NA
Litoria quiritatus,4579,TRUE,NA,NA,unmatched_to_official_threatened_list,NA,NA
Litoria pyrina,4566,TRUE,NA,NA,unmatched_to_official_threatened_list,NA,NA
Litoria gracilenta,4393,TRUE,NA,NA,unmatched_to_official_threatened_list,NA,NA
Crinia parinsignifera,3917,TRUE,NA,NA,unmatched_to_official_threatened_list,NA,NA
Litoria moorei,3579,TRUE,NA,NA,unmatched_to_official_threatened_list,NA,NA
Litoria verreauxii,2334,TRUE,NA,NA,unresolved_listed_subspecies_only,NA,NA
Crinia georgiana,2155,TRUE,NA,NA,unmatched_to_official_threatened_list,NA,NA
Litoria infrafrenata,2154,TRUE,NA,NA,unmatched_to_official_threatened_list,NA,NA
Litoria adelaidensis,1980,FALSE,NA,NA,unmatched_to_official_threatened_list,NA,NA
Heleioporus eyrei,1970,FALSE,NA,NA,unmatched_to_official_threatened_list,NA,NA
Litoria rubella,1866,FALSE,NA,NA,unmatched_to_official_threatened_list,NA,NA
Pseudophryne australis,1699,FALSE,NA,NA,unmatched_to_official_threatened_list,NA,NA
Limnodynastes dorsalis,1674,FALSE,NA,NA,unmatched_to_official_threatened_list,NA,NA
Crinia insignifera,1624,FALSE,NA,NA,unmatched_to_official_threatened_list,NA,NA
Pseudophryne coriacea,1504,FALSE,NA,NA,unmatched_to_official_threatened_list,NA,NA
Litoria phyllochroa,1487,FALSE,NA,NA,unmatched_to_official_threatened_list,NA,NA
Litoria dentata,1423,FALSE,NA,NA,unmatched_to_official_threatened_list,NA,NA
Crinia tinnula,1291,FALSE,NA,NA,unmatched_to_official_threatened_list,NA,NA
Mixophyes fasciolatus,1260,FALSE,NA,NA,unmatched_to_official_threatened_list,NA,NA
Litoria latopalmata,1251,FALSE,NA,NA,unmatched_to_official_threatened_list,NA,NA
Litoria ridibunda,1180,FALSE,NA,NA,unmatched_to_official_threatened_list,NA,NA
Geocrinia leai,1124,FALSE,NA,NA,unmatched_to_official_threatened_list,NA,NA
Rhinella marina,1108,FALSE,NA,NA,unmatched_to_official_threatened_list,NA,NA
Limnodynastes convexiusculus,1081,FALSE,NA,NA,unmatched_to_official_threatened_list,NA,NA
Litoria nudidigitus,1077,FALSE,NA,NA,unmatched_to_official_threatened_list,NA,NA
Litoria chloris,964,FALSE,NA,NA,unmatched_to_official_threatened_list,NA,NA
Litoria nasuta,813,FALSE,NA,NA,unmatched_to_official_threatened_list,NA,NA
Geocrinia victoriana,807,FALSE,NA,NA,unmatched_to_official_threatened_list,NA,NA
Litoria xanthomera,771,FALSE,NA,NA,unmatched_to_official_threatened_list,NA,NA
Pseudophryne raveni,751,FALSE,NA,NA,unmatched_to_official_threatened_list,NA,NA
Litoria balatus,728,FALSE,NA,NA,unmatched_to_official_threatened_list,NA,NA
Platyplectrum ornatum,714,FALSE,NA,NA,unmatched_to_official_threatened_list,NA,NA
Crinia tasmaniensis,674,FALSE,NA,NA,unmatched_to_official_threatened_list,NA,NA
Crinia pseudinsignifera,667,FALSE,NA,NA,unmatched_to_official_threatened_list,NA,NA
Litoria calliscelis,637,FALSE,NA,NA,unmatched_to_official_threatened_list,NA,NA
Litoria tyleri,620,FALSE,NA,NA,unmatched_to_official_threatened_list,NA,NA
Litoria paraewingi,505,FALSE,NA,NA,unmatched_to_official_threatened_list,NA,NA
Limnodynastes grayi,461,FALSE,NA,NA,unmatched_to_official_threatened_list,NA,NA
Litoria inermis,449,FALSE,NA,NA,unmatched_to_official_threatened_list,NA,NA
Uperoleia laevigata,428,FALSE,NA,NA,unmatched_to_official_threatened_list,NA,NA
Uperoleia fusca,423,FALSE,NA,NA,unmatched_to_official_threatened_list,NA,NA
Papurana daemeli,411,FALSE,NA,NA,unmatched_to_official_threatened_list,NA,NA
Pseudophryne guentheri,376,FALSE,NA,NA,unmatched_to_official_threatened_list,NA,NA
Limnodynastes salmini,375,FALSE,NA,NA,unmatched_to_official_threatened_list,NA,NA
Limnodynastes fletcheri,359,FALSE,NA,NA,unmatched_to_official_threatened_list,NA,NA
Geocrinia sparsiflora,341,FALSE,NA,NA,unmatched_to_official_threatened_list,NA,NA
Cophixalus ornatus,337,FALSE,NA,NA,unmatched_to_official_threatened_list,NA,NA
Crinia remota,307,FALSE,NA,NA,unmatched_to_official_threatened_list,NA,NA
Mixophyes coggeri,303,FALSE,NA,NA,unmatched_to_official_threatened_list,NA,NA
Litoria spaldingi,288,FALSE,NA,NA,unmatched_to_official_threatened_list,NA,NA
Litoria bicolor,277,FALSE,NA,NA,unmatched_to_official_threatened_list,NA,NA
Cophixalus australis,268,FALSE,NA,NA,unmatched_to_official_threatened_list,NA,NA
Litoria barringtonensis,238,FALSE,NA,NA,unmatched_to_official_threatened_list,NA,NA
Litoria rothii,235,FALSE,NA,NA,unmatched_to_official_threatened_list,NA,NA
Crinia deserticola,210,FALSE,NA,NA,unmatched_to_official_threatened_list,NA,NA
Litoria jungguy,198,FALSE,NA,NA,unmatched_to_official_threatened_list,NA,NA
Neobatrachus sudellae,198,FALSE,NA,NA,unmatched_to_official_threatened_list,NA,NA
Litoria larisonans,195,FALSE,NA,NA,unmatched_to_official_threatened_list,NA,NA
Austrochaperina pluvialis,182,FALSE,NA,NA,unmatched_to_official_threatened_list,NA,NA
Geocrinia laevis,181,FALSE,NA,NA,unmatched_to_official_threatened_list,NA,NA
Litoria pearsoniana,178,FALSE,NA,NA,unmatched_to_official_threatened_list,NA,NA
Austrochaperina robusta,166,FALSE,NA,NA,unmatched_to_official_threatened_list,NA,NA
Litoria revelata,161,FALSE,NA,NA,unmatched_to_official_threatened_list,NA,NA
Metacrinia nichollsi,145,FALSE,NA,NA,unmatched_to_official_threatened_list,NA,NA
Uperoleia rugosa,135,FALSE,NA,NA,unmatched_to_official_threatened_list,NA,NA
Limnodynastes interioris,119,FALSE,NA,NA,unmatched_to_official_threatened_list,NA,NA
Pseudophryne semimarmorata,113,FALSE,NA,NA,unmatched_to_official_threatened_list,NA,NA
Litoria jervisiensis,112,FALSE,NA,NA,unmatched_to_official_threatened_list,NA,NA
Litoria freycineti,107,FALSE,NA,NA,unmatched_to_official_threatened_list,NA,NA
Litoria wilcoxii,107,FALSE,NA,NA,unmatched_to_official_threatened_list,NA,NA
Paracrinia haswelli,106,FALSE,NA,NA,unmatched_to_official_threatened_list,NA,NA
Litoria sibilus,104,FALSE,NA,NA,unmatched_to_official_threatened_list,NA,NA
Cyclorana australis,103,FALSE,NA,NA,unmatched_to_official_threatened_list,NA,NA
Austrochaperina fryi,101,FALSE,NA,NA,unmatched_to_official_threatened_list,NA,NA
Crinia bilingua,101,FALSE,NA,NA,unmatched_to_official_threatened_list,NA,NA
Uperoleia altissima,89,FALSE,NA,NA,unmatched_to_official_threatened_list,NA,NA
Uperoleia saxatilis,87,FALSE,NA,NA,unmatched_to_official_threatened_list,NA,NA
Uperoleia crassa,81,FALSE,NA,NA,unmatched_to_official_threatened_list,NA,NA
Litoria serrata,79,FALSE,NA,NA,unmatched_to_official_threatened_list,NA,NA
Heleioporus albopunctatus,76,FALSE,NA,NA,unmatched_to_official_threatened_list,NA,NA
Litoria cyclorhyncha,62,FALSE,NA,NA,unmatched_to_official_threatened_list,NA,NA
Mixophyes carbinensis,57,FALSE,NA,NA,unmatched_to_official_threatened_list,NA,NA
Myobatrachus gouldii,53,FALSE,NA,NA,unmatched_to_official_threatened_list,NA,NA
Cyclorana maini,51,FALSE,NA,NA,unmatched_to_official_threatened_list,NA,NA
Litoria nigrofrenata,48,FALSE,NA,NA,unmatched_to_official_threatened_list,NA,NA
Crinia subinsignifera,46,FALSE,NA,NA,unmatched_to_official_threatened_list,NA,NA
Austrochaperina gracilipes,44,FALSE,NA,NA,unmatched_to_official_threatened_list,NA,NA
Neobatrachus pictus,40,FALSE,NA,NA,unmatched_to_official_threatened_list,NA,NA
Neobatrachus kunapalari,39,FALSE,NA,NA,unmatched_to_official_threatened_list,NA,NA
Limnodynastes superciliaris,34,FALSE,NA,NA,unmatched_to_official_threatened_list,NA,NA
Uperoleia tyleri,31,FALSE,NA,NA,unmatched_to_official_threatened_list,NA,NA
Litoria citropa,30,FALSE,NA,NA,unmatched_to_official_threatened_list,NA,NA
Platyplectrum spenceri,30,FALSE,NA,NA,unmatched_to_official_threatened_list,NA,NA
Lechriodus fletcheri,29,FALSE,NA,NA,unmatched_to_official_threatened_list,NA,NA
Pseudophryne occidentalis,29,FALSE,NA,NA,unmatched_to_official_threatened_list,NA,NA
Austrochaperina adelphe,28,FALSE,NA,NA,unmatched_to_official_threatened_list,NA,NA
Crinia nimbus,26,FALSE,NA,NA,unmatched_to_official_threatened_list,NA,NA
Anstisia rosea,25,FALSE,NA,NA,unmatched_to_official_threatened_list,NA,NA
Heleioporus barycragus,25,FALSE,NA,NA,unmatched_to_official_threatened_list,NA,NA
Litoria lesueuri,24,FALSE,NA,NA,unmatched_to_official_threatened_list,NA,NA
Litoria microbelos,24,FALSE,NA,NA,unmatched_to_official_threatened_list,NA,NA
Litoria pallida,23,FALSE,NA,NA,unmatched_to_official_threatened_list,NA,NA
Cyclorana novaehollandiae,22,FALSE,NA,NA,unmatched_to_official_threatened_list,NA,NA
Litoria coplandi,22,FALSE,NA,NA,unmatched_to_official_threatened_list,NA,NA
Litoria watjulumensis,20,FALSE,NA,NA,unmatched_to_official_threatened_list,NA,NA
Uperoleia lithomoda,20,FALSE,NA,NA,unmatched_to_official_threatened_list,NA,NA
Uperoleia mimula,19,FALSE,NA,NA,unmatched_to_official_threatened_list,NA,NA
Uperoleia borealis,16,FALSE,NA,NA,unmatched_to_official_threatened_list,NA,NA
Uperoleia talpa,14,FALSE,NA,NA,unmatched_to_official_threatened_list,NA,NA
Litoria tornieri,13,FALSE,NA,NA,unmatched_to_official_threatened_list,NA,NA
Litoria bella,12,FALSE,NA,NA,unmatched_to_official_threatened_list,NA,NA
Notaden bennettii,12,FALSE,NA,NA,unmatched_to_official_threatened_list,NA,NA
Anstisia lutea,11,FALSE,NA,NA,unmatched_to_official_threatened_list,NA,NA
Neobatrachus sutor,11,FALSE,NA,NA,unmatched_to_official_threatened_list,NA,NA
Heleioporus psammophilus,10,FALSE,NA,NA,unmatched_to_official_threatened_list,NA,NA
Uperoleia russelli,10,FALSE,NA,NA,unmatched_to_official_threatened_list,NA,NA
Cyclorana cultripes,9,FALSE,NA,NA,unmatched_to_official_threatened_list,NA,NA
Crinia flindersensis,8,FALSE,NA,NA,unmatched_to_official_threatened_list,NA,NA
Cyclorana alboguttata,8,FALSE,NA,NA,unmatched_to_official_threatened_list,NA,NA
Litoria meiriana,8,FALSE,NA,NA,unmatched_to_official_threatened_list,NA,NA
Neobatrachus wilsmorei,8,FALSE,NA,NA,unmatched_to_official_threatened_list,NA,NA
Uperoleia littlejohni,8,FALSE,NA,NA,unmatched_to_official_threatened_list,NA,NA
Cyclorana longipes,7,FALSE,NA,NA,unmatched_to_official_threatened_list,NA,NA
Mixophyes schevilli,7,FALSE,NA,NA,unmatched_to_official_threatened_list,NA,NA
Neobatrachus aquilonius,7,FALSE,NA,NA,unmatched_to_official_threatened_list,NA,NA
Litoria cavernicola,6,FALSE,NA,NA,unmatched_to_official_threatened_list,NA,NA
Notaden nichollsi,5,FALSE,NA,NA,unmatched_to_official_threatened_list,NA,NA
Uperoleia mjobergii,5,FALSE,NA,NA,unmatched_to_official_threatened_list,NA,NA
Limnodynastes lignarius,4,FALSE,NA,NA,unmatched_to_official_threatened_list,NA,NA
Litoria electrica,4,FALSE,NA,NA,unmatched_to_official_threatened_list,NA,NA
Litoria gilleni,4,FALSE,NA,NA,unmatched_to_official_threatened_list,NA,NA
Arenophryne xiphorhyncha,3,FALSE,NA,NA,unmatched_to_official_threatened_list,NA,NA
Crinia riparia,3,FALSE,NA,NA,unmatched_to_official_threatened_list,NA,NA
Cyclorana maculosa,3,FALSE,NA,NA,unmatched_to_official_threatened_list,NA,NA
Cyclorana platycephala,3,FALSE,NA,NA,unmatched_to_official_threatened_list,NA,NA
Litoria aurifera,3,FALSE,NA,NA,unmatched_to_official_threatened_list,NA,NA
Litoria splendida,3,FALSE,NA,NA,unmatched_to_official_threatened_list,NA,NA
Heleioporus inornatus,2,FALSE,NA,NA,unmatched_to_official_threatened_list,NA,NA
Litoria staccato,2,FALSE,NA,NA,unmatched_to_official_threatened_list,NA,NA
Cyclorana brevipes,1,FALSE,NA,NA,unmatched_to_official_threatened_list,NA,NA
Cyclorana occidentalis,1,FALSE,NA,NA,unmatched_to_official_threatened_list,NA,NA
Litoria eucnemis,1,FALSE,NA,NA,unmatched_to_official_threatened_list,NA,NA
Neobatrachus albipes,1,FALSE,NA,NA,unmatched_to_official_threatened_list,NA,NA
Neobatrachus pelobatoides,1,FALSE,NA,NA,unmatched_to_official_threatened_list,NA,NA
Notaden melanoscaphus,1,FALSE,NA,NA,unmatched_to_official_threatened_list,NA,NA
Uperoleia trachyderma,1,FALSE,NA,NA,unmatched_to_official_threatened_list,NA,NA
Assa darlingtoni,0,FALSE,TRUE,Vulnerable,exact_listed_name,Assa darlingtoni,NA
Cophixalus aenigma,0,FALSE,TRUE,Endangered,exact_listed_name,Cophixalus aenigma,NA
Cophixalus bombiens,0,FALSE,NA,NA,unmatched_to_official_threatened_list,NA,NA
Cophixalus exiguus,0,FALSE,NA,NA,unmatched_to_official_threatened_list,NA,NA
Cophixalus hinchinbrookensis,0,FALSE,NA,NA,unmatched_to_official_threatened_list,NA,NA
Cophixalus infacetus,0,FALSE,NA,NA,unmatched_to_official_threatened_list,NA,NA
Cophixalus kulakula,0,FALSE,NA,NA,unmatched_to_official_threatened_list,NA,NA
Cophixalus saxatilis,0,FALSE,NA,NA,unmatched_to_official_threatened_list,NA,NA
Crinia sloanei,0,FALSE,TRUE,Endangered,exact_listed_name,Crinia sloanei,NA
Cyclorana cryptotis,0,FALSE,NA,NA,unmatched_to_official_threatened_list,NA,NA
Cyclorana manya,0,FALSE,NA,NA,unmatched_to_official_threatened_list,NA,NA
Cyclorana vagitus,0,FALSE,NA,NA,unmatched_to_official_threatened_list,NA,NA
Cyclorana verrucosa,0,FALSE,NA,NA,unmatched_to_official_threatened_list,NA,NA
Heleioporus australiacus,0,FALSE,NA,NA,unresolved_listed_subspecies_only,NA,NA
Limnodynastes depressus,0,FALSE,NA,NA,unmatched_to_official_threatened_list,NA,NA
Limnodynastes terraereginae,0,FALSE,NA,NA,unmatched_to_official_threatened_list,NA,NA
Litoria aurea,0,FALSE,TRUE,Vulnerable,exact_listed_name,Litoria aurea,Ranoidea aurea
Litoria booroolongensis,0,FALSE,TRUE,Endangered,exact_listed_name,Litoria booroolongensis,Rhyaconastes booroolongensis
Litoria brevipalmata,0,FALSE,NA,NA,unmatched_to_official_threatened_list,NA,NA
Litoria burrowsae,0,FALSE,NA,NA,unmatched_to_official_threatened_list,NA,NA
Litoria cooloolensis,0,FALSE,NA,NA,unmatched_to_official_threatened_list,NA,NA
Litoria corbeni,0,FALSE,NA,NA,unmatched_to_official_threatened_list,NA,NA
Litoria daviesae,0,FALSE,TRUE,Vulnerable,exact_listed_name,Litoria daviesae,Dryopsophus daviesae
Litoria dayi,0,FALSE,TRUE,Vulnerable,exact_listed_name,Litoria dayi,Eremnoculus dayi
Litoria littlejohni,0,FALSE,TRUE,Endangered,exact_listed_name,Litoria littlejohni,Rawlinsonia littlejohni
Litoria nannotis,0,FALSE,NA,NA,unmatched_to_official_threatened_list,NA,NA
Litoria olongburensis,0,FALSE,TRUE,Vulnerable,exact_listed_name,Litoria olongburensis,Drymomantis olongburensis
Litoria personata,0,FALSE,NA,NA,unmatched_to_official_threatened_list,NA,NA
Litoria raniformis,0,FALSE,TRUE,Vulnerable,exact_listed_name,Litoria raniformis,Ranoidea raniformis
Litoria rheocola,0,FALSE,NA,NA,unmatched_to_official_threatened_list,NA,NA
Litoria subglandulosa,0,FALSE,TRUE,Vulnerable,exact_listed_name,Litoria subglandulosa,Dryopsophus subglandulosus
Litoria watsoni,0,FALSE,TRUE,Endangered,exact_listed_name,Litoria watsoni,Rawlinsonia watsoni
Mixophyes australis,0,FALSE,NA,NA,unmatched_to_official_threatened_list,NA,NA
Mixophyes balbus,0,FALSE,TRUE,Vulnerable,exact_listed_name,Mixophyes balbus,NA
Mixophyes fleayi,0,FALSE,TRUE,Endangered,exact_listed_name,Mixophyes fleayi,NA
Mixophyes iteratus,0,FALSE,TRUE,Vulnerable,exact_listed_name,Mixophyes iteratus,NA
Neobatrachus fulvus,0,FALSE,NA,NA,unmatched_to_official_threatened_list,NA,NA
Notaden weigeli,0,FALSE,NA,NA,unmatched_to_official_threatened_list,NA,NA
Philoria knowlesi,0,FALSE,TRUE,Endangered,exact_listed_name,Philoria knowlesi,NA
Philoria kundagungan,0,FALSE,TRUE,Endangered,exact_listed_name,Philoria kundagungan,NA
Philoria loveridgei,0,FALSE,NA,NA,unmatched_to_official_threatened_list,NA,NA
Philoria pughi,0,FALSE,TRUE,Endangered,exact_listed_name,Philoria pughi,NA
Philoria richmondensis,0,FALSE,TRUE,Endangered,exact_listed_name,Philoria richmondensis,NA
Philoria sphagnicola,0,FALSE,TRUE,Vulnerable,exact_listed_name,Philoria sphagnicola,NA
Pseudophryne bibronii,0,FALSE,NA,NA,unmatched_to_official_threatened_list,NA,NA
Pseudophryne dendyi,0,FALSE,NA,NA,unmatched_to_official_threatened_list,NA,NA
Pseudophryne douglasi,0,FALSE,NA,NA,unmatched_to_official_threatened_list,NA,NA
Pseudophryne major,0,FALSE,NA,NA,unmatched_to_official_threatened_list,NA,NA
Pseudophryne robinsoni,0,FALSE,NA,NA,unmatched_to_official_threatened_list,NA,NA
Spicospina flammocaerulea,0,FALSE,TRUE,Vulnerable,exact_listed_name,Spicospina flammocaerulea,NA
Taudactylus liemi,0,FALSE,NA,NA,unmatched_to_official_threatened_list,NA,NA
Uperoleia arenicola,0,FALSE,NA,NA,unmatched_to_official_threatened_list,NA,NA
Uperoleia aspera,0,FALSE,NA,NA,unmatched_to_official_threatened_list,NA,NA
Uperoleia daviesae,0,FALSE,TRUE,Vulnerable,exact_listed_name,Uperoleia daviesae,NA
Uperoleia glandulosa,0,FALSE,NA,NA,unmatched_to_official_threatened_list,NA,NA
Uperoleia mahonyi,0,FALSE,TRUE,Endangered,exact_listed_name,Uperoleia mahonyi,NA
Uperoleia martini,0,FALSE,TRUE,Endangered,exact_listed_name,Uperoleia martini,NA
Uperoleia micra,0,FALSE,NA,NA,unmatched_to_official_threatened_list,NA,NA
Uperoleia minima,0,FALSE,NA,NA,unmatched_to_official_threatened_list,NA,NA
Uperoleia stridera,0,FALSE,NA,NA,unmatched_to_official_threatened_list,NA,NA
